<?xml version="1.0" encoding="UTF-8"?>

<Patient xmlns="http://hl7.org/fhir">
  <id value="63657c6a-615e-478d-b060-7c9e9fe5ff26"/>
  <meta>
    <profile value="http://hl7.org/fhir/us/core/StructureDefinition/us-core-patient|0.1.0"/>
  </meta>
  <text>
    <status value="generated"/><div xmlns="http://www.w3.org/1999/xhtml"><p class="res-header-id"><b>Generated Narrative: Patient 63657c6a-615e-478d-b060-7c9e9fe5ff26</b></p><a name="63657c6a-615e-478d-b060-7c9e9fe5ff26"> </a><a name="hc63657c6a-615e-478d-b060-7c9e9fe5ff26"> </a><a name="63657c6a-615e-478d-b060-7c9e9fe5ff26-en-US"> </a><div style="display: inline-block; background-color: #d9e0e7; padding: 6px; margin: 4px; border: 1px solid #8da1b4; border-radius: 5px; line-height: 60%"><p style="margin-bottom: 0px"/><p style="margin-bottom: 0px">Profile: <a href="StructureDefinition-us-core-patient.html">US Core Patient Profileversion: null0.1.0)</a></p></div><p style="border: 1px #661aff solid; background-color: #e6e6ff; padding: 10px;">Codes identifying groupings of parameters; e.g. Cardiovascular.(maiden) Unknown, DoB: 2010-10-08 ( 123456)</p><hr/><table class="grid"><tr><td style="background-color: #f3f5da" title="Record is active">Active:</td><td>false</td><td style="background-color: #f3f5da" title="Known status of Patient">Deceased:</td><td>true</td></tr><tr><td style="background-color: #f3f5da" title="Known Marital status of Patient">Marital Status:</td><td><span title="Codes:{http://terminology.hl7.org/CodeSystem/v3-MaritalStatus S}">Never Married</span></td><td style="background-color: #f3f5da" title="Known multipleBirth status of Patient">Multiple Birth:</td><td colspan="3">false</td></tr><tr><td style="background-color: #f3f5da" title="Ways to contact the Patient">Contact Detail</td><td colspan="3"><ul><li><a href="tel:+5581992570831">+5581992570831</a></li><li>48 Astoria Drive Coventry CV4 9ZY </li></ul></td></tr><tr><td style="background-color: #f3f5da" title="Language spoken">Language:</td><td colspan="3"><span title="Codes:{http://fhir.hie.moh.gov.my/CodeSystem/questionnaire-my-core 03}">A legal or geographic region in which the questionnaire is intended to be used. It may be possible for the questionnaire to be used in jurisdictions other than those for which it was originally designed or intended.

DEPRECATION NOTE: For consistency, implementations are encouraged to migrate to using the new 'jurisdiction' code in the useContext element.  (I.e. useContext.code indicating http://terminology.hl7.org/CodeSystem/usage-context-type#jurisdiction and useContext.valueCodeableConcept indicating the jurisdiction.)</span> (preferred)</td></tr><tr><td style="background-color: #f3f5da" title="Nominated Contact: natural sister">natural sister:</td><td colspan="3"><ul><li>Please provide the stop date of radiotherapy (Unknown)</li><li>台北市北投區明德路365號(home)</li><li>ph: 999-999-9999(Home)</li><li>Organization:<a href="Organization/3918a343-8d0f-4000-86ef-1aecf3c48731">Organization/3918a343-8d0f-4000-86ef-1aecf3c48731</a></li><li>Valid Period:2020-01-01 --&gt; 2021-12-31</li></ul></td></tr><tr><td style="background-color: #f3f5da" title="Patient Links">Links:</td><td colspan="3"><ul><li>General Practitioner: <a href="Organization/ca123804-cd68-4c4c-abbb-089c3a371e0f">Organization/ca123804-cd68-4c4c-abbb-089c3a371e0f</a></li><li>Managing Organization: <a href="Organization/8d761b1c-9c9c-444d-924e-bb520e2b6f14">Organization/8d761b1c-9c9c-444d-924e-bb520e2b6f14</a></li><li>Please refer to: <a href="RelatedPerson/41bed546-4eae-40be-98a0-58b44a6e0de5">RelatedPerson/41bed546-4eae-40be-98a0-58b44a6e0de5</a></li></ul></td></tr></table></div>
  </text>
  <identifier>
    <value value="123456"/>
  </identifier>
  <active value="false"/>
  <name>
    <use value="maiden"/>
    <text value="Codes identifying groupings of parameters; e.g. Cardiovascular."/>
    <family value="General"/>
    <given value="When the assessment was documented"/>
    <prefix value="Is the person able to wash and dress themselves on discharge?"/>
    <suffix value="Reference to the triggering observation."/>
    <period>
      <start value="2022-05-28"/>
    </period>
  </name>
  <telecom>
    <system value="phone"/>
    <value value="+5581992570831"/>
    <use value="temp"/>
  </telecom>
  <gender value="unknown"/>
  <birthDate value="2010-10-08"/>
  <deceasedBoolean value="true"/>
  <address>
    <line value="48 Astoria Drive"/>
    <city value="Coventry"/>
    <postalCode value="CV4 9ZY"/>
  </address>
  <maritalStatus>
    <coding>
      <system value="http://terminology.hl7.org/CodeSystem/v3-MaritalStatus"/>
      <code value="S"/>
    </coding>
  </maritalStatus>
  <multipleBirthBoolean value="false"/>
  <photo>
    <contentType value="image/jpeg"/>
    <url value="Binary/f006"/>
  </photo>
  <contact>
    <relationship>
      <coding>
        <system value="http://terminology.hl7.org/CodeSystem/v3-RoleCode"/>
        <code value="NSIS"/>
      </coding>
    </relationship>
    <role>
      <coding>
        <system value="http://terminology.hl7.org/CodeSystem/v3-ParticipationType"/>
        <code value="WIT"/>
      </coding>
    </role>
    <name>
      <use value="usual"/>
      <text value="Please provide the stop date of radiotherapy"/>
      <family value="Analysen Labor Gantenbein Elektrolyte"/>
      <given value="An absolute URI that is a formal reference to where this parameter was first defined, so that a client can be confident of the meaning of the search parameter (a reference to [SearchParameter.url](searchparameter-definitions.html#SearchParameter.url)). This element SHALL be populated if the search parameter refers to a SearchParameter defined by the FHIR core specification or externally defined IGs. This SHOULD be present, and matches refers to a SearchParameter by its canonical URL. If systems wish to document their support for modifiers, comparators, target resource types, and chained parameters, they should do using a search parameter resource. This element SHALL be populated if the search parameter refers to a SearchParameter defined by the FHIR core specification or externally defined IGs."/>
      <prefix value="Unable to resolve 'consent' sub-questionnaire"/>
      <suffix value="Canonical identifier for this compartment definition, represented as a URI (globally unique)"/>
      <period>
        <start value="2027-03-02T00:36:36+10:00"/>
        <end value="2027-03-02T00:36:36+10:00"/>
      </period>
    </name>
    <additionalName>
      <use value="old"/>
      <text value="Pregnancy Testing"/>
      <family value="LDL Cholesterol result, if reported. Observations can contain observations."/>
      <given value="Indicates how likely the outcome is (in the specified timeframe), expressed as a qualitative value (e.g. low, medium, or high)."/>
      <prefix value="define &quot;SDE Lab Observation&quot;:  [Observation: code ~ &quot;Laboratory&quot;] LabObservations"/>
      <suffix value="The status of this implementation guide. Enables tracking the life-cycle of the content. Allows filtering of implementation guides that are appropriate for use versus not.&#xA;&#xA;See guidance around (not) making local changes to elements [here](canonicalresource.html#localization)."/>
      <period>
        <start value="2025-04-07T23:36:36+10:00"/>
        <end value="2025-04-07T23:36:36+10:00"/>
      </period>
    </additionalName>
    <telecom>
      <system value="phone"/>
      <value value="999-999-9999"/>
      <use value="home"/>
    </telecom>
    <address>
      <use value="home"/>
      <type value="postal"/>
      <text value="台北市北投區明德路365號"/>
      <line value="明德路365號"/>
      <city value="台北市"/>
      <postalCode value="11219"/>
      <country value="Taiwan"/>
    </address>
    <additionalAddress>
      <use value="work"/>
      <line value="123 Smart St"/>
      <city value="PleasantVille"/>
      <state value="Vic"/>
      <postalCode value="3999"/>
    </additionalAddress>
    <gender value="unknown"/>
    <organization>
      <reference value="Organization/3918a343-8d0f-4000-86ef-1aecf3c48731"/>
    </organization>
    <period>
      <start value="2020-01-01"/>
      <end value="2021-12-31"/>
    </period>
  </contact>
  <communication>
    <language>
      <coding>
        <system value="http://fhir.hie.moh.gov.my/CodeSystem/questionnaire-my-core"/>
        <code value="03"/>
      </coding>
      <text value="A legal or geographic region in which the questionnaire is intended to be used. It may be possible for the questionnaire to be used in jurisdictions other than those for which it was originally designed or intended.&#xA;&#xA;DEPRECATION NOTE: For consistency, implementations are encouraged to migrate to using the new 'jurisdiction' code in the useContext element.  (I.e. useContext.code indicating http://terminology.hl7.org/CodeSystem/usage-context-type#jurisdiction and useContext.valueCodeableConcept indicating the jurisdiction.)"/>
    </language>
    <preferred value="true"/>
  </communication>
  <generalPractitioner>
    <reference value="Organization/ca123804-cd68-4c4c-abbb-089c3a371e0f"/>
  </generalPractitioner>
  <managingOrganization>
    <reference value="Organization/8d761b1c-9c9c-444d-924e-bb520e2b6f14"/>
  </managingOrganization>
  <link>
    <other>
      <reference value="RelatedPerson/41bed546-4eae-40be-98a0-58b44a6e0de5"/>
    </other>
    <type value="refer"/>
  </link>
</Patient>