{
  "package": "hl7.fhir.us.healthedata1-r6-sandbox",
  "version": "0.1.0",
  "fhirVersion": "6.0.0-ballot3",
  "jurisdiction": "US",
  "extensions": [],
  "profiles": {
    "Patient": [
      {
        "url": "http://hl7.org/fhir/us/core/StructureDefinition/us-core-patient",
        "title": "US Core Patient Profile"
      }
    ]
  },
  "usage": {
    "http://hl7.org/fhir/StructureDefinition/elementdefinition-bestpractice": [
      "StructureDefinition.snapshot.element.constraint"
    ],
    "http://hl7.org/fhir/StructureDefinition/elementdefinition-bestpractice-explanation": [
      "StructureDefinition.snapshot.element.constraint"
    ],
    "http://hl7.org/fhir/StructureDefinition/elementdefinition-bindingName": [
      "StructureDefinition.snapshot.element.binding"
    ],
    "http://hl7.org/fhir/StructureDefinition/structuredefinition-fhir-type": [
      "StructureDefinition.snapshot.element.type"
    ],
    "http://hl7.org/fhir/StructureDefinition/structuredefinition-fmm": [
      "ImplementationGuide",
      "StructureDefinition"
    ],
    "http://hl7.org/fhir/StructureDefinition/structuredefinition-hierarchy": [
      "StructureDefinition.snapshot.element.type"
    ],
    "http://hl7.org/fhir/StructureDefinition/structuredefinition-standards-status": [
      "ImplementationGuide",
      "ImplementationGuide.definition.page",
      "ImplementationGuide.definition.page.page",
      "StructureDefinition"
    ],
    "http://hl7.org/fhir/tools/StructureDefinition/ig-internal-dependency": [
      "ImplementationGuide.definition"
    ],
    "http://hl7.org/fhir/tools/StructureDefinition/implementationguide-dependency-comment": [
      "ImplementationGuide.dependsOn"
    ],
    "http://hl7.org/fhir/tools/StructureDefinition/resource-information": [
      "ImplementationGuide.definition.resource"
    ],
    "http://hl7.org/fhir/tools/StructureDefinition/snapshot-base-version": [
      "StructureDefinition.snapshot"
    ],
    "http://hl7.org/fhir/us/core/StructureDefinition/uscdi-requirement": [
      "StructureDefinition.differential.element",
      "StructureDefinition.snapshot.element"
    ]
  }
}